City_ID,City,Country,Date,Lat,Lng,Max Temp,Humidity,Cloudiness,Wind Speed
0,Punta Arenas,CL,2021-06-06 14:56:02,-53.15,-70.9167,33.91,86,0,9.78
1,Georgetown,MY,2021-06-06 14:56:03,5.4112,100.3354,82.35,86,20,3.0
2,Bani,DO,2021-06-06 14:56:03,18.2833,-70.3333,84.74,53,24,15.57
3,Kapaa,US,2021-06-06 14:56:03,22.0752,-159.319,75.52,83,90,12.28
4,Cabo San Lucas,MX,2021-06-06 14:56:03,22.8909,-109.9124,92.8,52,54,7.23
5,Ahipara,NZ,2021-06-06 14:56:03,-35.1667,173.1667,60.75,90,100,12.03
6,Wewak,PG,2021-06-06 14:56:04,-3.5534,143.6268,79.07,86,100,5.35
7,Vaini,TO,2021-06-06 14:56:04,-21.2,-175.2,71.76,83,20,8.05
8,Jamestown,US,2021-06-06 14:52:39,42.097,-79.2353,81.09,60,1,7.0
9,Avera,US,2021-06-06 14:56:04,33.194,-82.5271,82.71,54,81,3.96
10,Cidreira,BR,2021-06-06 14:56:05,-30.1811,-50.2056,63.63,83,100,7.81
11,Provideniya,RU,2021-06-06 14:56:05,64.3833,-173.3,35.56,81,17,4.97
12,East London,ZA,2021-06-06 14:56:05,-33.0153,27.9116,68.94,56,0,9.22
13,Sobolevo,RU,2021-06-06 14:56:05,54.4299,31.8996,67.08,73,61,7.63
14,Elk Plain,US,2021-06-06 14:56:06,47.0532,-122.3976,51.15,82,75,1.01
15,Langham,CA,2021-06-06 14:56:06,52.3668,-106.9679,51.64,62,60,13.69
16,Yellowknife,CA,2021-06-06 14:55:33,62.456,-114.3525,43.32,70,75,17.27
17,Saint-Philippe,RE,2021-06-06 14:56:06,-21.3585,55.7679,74.79,81,70,12.91
18,Juterbog,DE,2021-06-06 14:56:06,51.9833,13.0833,82.58,51,78,1.99
19,Avarua,CK,2021-06-06 14:56:07,-21.2078,-159.775,68.05,77,40,3.44
20,Numata,JP,2021-06-06 14:56:07,36.6333,139.05,67.5,77,100,4.14
21,Naifaru,MV,2021-06-06 14:56:07,5.4444,73.3657,82.53,76,85,13.98
22,Sao Filipe,CV,2021-06-06 14:56:07,14.8961,-24.4956,77.16,65,52,8.12
23,Dongli,CN,2021-06-06 14:56:08,23.5656,116.8194,76.98,88,75,10.83
24,Butaritari,KI,2021-06-06 14:56:08,3.0707,172.7902,81.36,76,6,6.6
25,Albany,US,2021-06-06 14:52:50,42.6001,-73.9662,86.81,54,60,1.01
26,Tallahassee,US,2021-06-06 14:51:20,30.4383,-84.2807,82.85,80,75,1.99
27,Chokurdakh,RU,2021-06-06 14:56:08,70.6333,147.9167,34.09,93,100,8.12
28,Sabha,LY,2021-06-06 14:56:08,27.0377,14.4283,98.06,10,74,11.48
29,Ushuaia,AR,2021-06-06 14:52:23,-54.8,-68.3,38.86,75,75,8.05
30,Mataura,NZ,2021-06-06 14:56:09,-46.1927,168.8643,44.17,87,100,1.54
31,Grindavik,IS,2021-06-06 14:56:09,63.8424,-22.4338,51.75,87,90,13.91
32,Kenai,US,2021-06-06 14:56:09,60.5544,-151.2583,54.03,76,1,5.75
33,Hobart,AU,2021-06-06 14:51:25,-42.8794,147.3294,51.26,87,90,5.84
34,Kavaratti,IN,2021-06-06 14:56:09,10.5669,72.642,82.62,75,100,9.78
35,Nanortalik,GL,2021-06-06 14:56:10,60.1432,-45.2371,45.32,68,100,12.5
36,Kodinsk,RU,2021-06-06 14:56:10,58.6881,99.1844,44.19,54,46,1.23
37,Clyde River,CA,2021-06-06 14:56:10,70.4692,-68.5914,34.03,100,90,12.66
38,Rikitea,PF,2021-06-06 14:56:10,-23.1203,-134.9692,76.41,81,95,14.79
39,Nogliki,RU,2021-06-06 14:56:11,51.8333,143.1667,38.35,93,100,15.79
40,Tessalit,ML,2021-06-06 14:55:36,20.1986,1.0114,111.31,6,15,14.88
41,Hithadhoo,MV,2021-06-06 14:56:11,-0.6,73.0833,83.64,70,77,11.61
42,Mar Del Plata,AR,2021-06-06 14:54:32,-38.0023,-57.5575,58.08,62,0,3.0
43,Dehloran,IR,2021-06-06 14:56:11,32.6941,47.2679,104.67,7,0,15.28
44,Havoysund,NO,2021-06-06 14:56:11,70.9963,24.6622,47.28,65,4,3.51
45,Asekeyevo,RU,2021-06-06 14:56:12,53.5742,52.7972,67.87,60,9,3.44
46,Goure,NE,2021-06-06 14:56:12,13.9835,10.2704,104.02,15,76,6.2
47,Barrow,US,2021-06-06 14:54:15,71.2906,-156.7887,30.22,93,90,11.5
48,Lebu,CL,2021-06-06 14:56:12,-37.6167,-73.65,49.12,74,100,2.84
49,Azangaro,PE,2021-06-06 14:56:12,-14.9167,-70.2167,50.18,43,57,3.29
50,Lorengau,PG,2021-06-06 14:56:13,-2.0226,147.2712,79.52,86,98,14.94
51,Lisakovsk,KZ,2021-06-06 14:56:13,52.5369,62.4936,70.54,31,100,3.71
52,Houma,US,2021-06-06 14:56:13,29.5958,-90.7195,82.99,86,28,8.01
53,Bilibino,RU,2021-06-06 14:56:13,68.0546,166.4372,54.12,62,3,4.56
54,Busselton,AU,2021-06-06 14:52:35,-33.65,115.3333,53.1,76,24,8.97
55,Chuy,UY,2021-06-06 14:56:14,-33.6971,-53.4616,57.4,68,100,6.26
56,Constitucion,CL,2021-06-06 14:56:14,-35.3333,-72.4167,53.04,53,90,4.5
57,Thompson,CA,2021-06-06 14:56:14,55.7435,-97.8558,53.76,94,75,2.3
58,Salalah,OM,2021-06-06 14:56:14,17.0151,54.0924,84.0,83,29,11.03
59,Mount Gambier,AU,2021-06-06 14:56:15,-37.8333,140.7667,53.51,82,40,12.66
60,Hobyo,SO,2021-06-06 14:56:15,5.3505,48.5268,80.49,78,45,26.51
61,Russell,US,2021-06-06 14:56:15,32.3502,-85.1999,80.31,88,75,3.27
62,Lasa,IT,2021-06-06 14:56:15,46.6166,10.7002,66.94,81,98,4.38
63,Yinchuan,CN,2021-06-06 14:56:16,38.4681,106.2731,77.67,32,97,1.57
64,Pacific Grove,US,2021-06-06 14:56:16,36.6177,-121.9166,55.76,83,55,1.99
65,Geraldton,AU,2021-06-06 14:56:16,-28.7667,114.6,56.12,93,97,12.01
66,Khatanga,RU,2021-06-06 14:56:16,71.9667,102.5,34.92,83,100,4.83
67,Hermanus,ZA,2021-06-06 14:56:16,-34.4187,19.2345,68.49,45,9,5.3
68,Ostrovnoy,RU,2021-06-06 14:56:17,68.0531,39.5131,43.88,62,34,14.38
69,Pyshchug,RU,2021-06-06 14:56:17,58.8873,45.7134,74.07,48,10,3.27
70,Sechura,PE,2021-06-06 14:56:17,-5.5569,-80.8222,71.58,69,97,7.09
71,Bambous Virieux,MU,2021-06-06 14:52:48,-20.3428,57.7575,75.45,78,40,10.38
72,Ribeira Grande,PT,2021-06-06 14:56:18,38.5167,-28.7,68.4,83,40,13.8
73,Kysyl-Syr,RU,2021-06-06 14:56:18,63.8986,122.7617,52.56,53,100,3.42
74,Mareeba,AU,2021-06-06 14:56:18,-17.0,145.4333,65.12,92,50,2.93
75,Vestmannaeyjar,IS,2021-06-06 14:56:18,63.4427,-20.2734,47.39,100,90,20.71
76,Pedernales,DO,2021-06-06 14:56:18,18.0384,-71.744,86.97,54,0,4.32
77,Sioux Lookout,CA,2021-06-06 14:53:31,50.1001,-91.917,68.38,88,90,6.91
78,Chervona Sloboda,UA,2021-06-06 14:56:19,49.3789,32.1464,64.56,73,97,9.84
79,Qaanaaq,GL,2021-06-06 14:56:19,77.484,-69.3632,39.42,82,83,4.52
80,Chingirlau,KZ,2021-06-06 14:56:19,51.095,54.0814,72.99,45,54,6.96
81,Puerto Del Rosario,ES,2021-06-06 14:56:19,28.5004,-13.8627,74.95,69,20,18.41
82,Pontianak,ID,2021-06-06 14:56:20,-0.0333,109.3333,76.98,94,40,2.95
83,Yate,GB,2021-06-06 14:56:20,51.5407,-2.4184,70.16,73,84,4.25
84,Oranjemund,NA,2021-06-06 14:55:13,-28.55,16.4333,73.49,31,0,9.1
85,Leon Valley,US,2021-06-06 14:56:20,29.4952,-98.6186,77.38,89,90,1.99
86,Port Alfred,ZA,2021-06-06 14:54:12,-33.5906,26.891,67.19,43,0,7.02
87,Carnarvon,AU,2021-06-06 14:56:21,-24.8667,113.6333,66.27,63,100,10.36
88,Nobres,BR,2021-06-06 14:56:21,-14.7203,-56.3275,90.12,34,99,5.86
89,Nemuro,JP,2021-06-06 14:56:21,43.3236,145.575,52.56,87,100,9.82
90,Cabedelo,BR,2021-06-06 14:55:22,-6.9811,-34.8339,74.07,77,19,15.66
91,Pinyug,RU,2021-06-06 14:56:21,60.251,47.7842,74.1,49,28,5.17
92,Rantauprapat,ID,2021-06-06 14:56:21,2.1,99.8333,74.88,90,20,2.64
93,San Juan Del Parana,PY,2021-06-06 14:56:22,-27.3,-55.9667,64.45,94,90,0.0
94,Port Elizabeth,ZA,2021-06-06 14:56:22,-33.918,25.5701,79.09,13,0,8.05
95,Cockburn Town,TC,2021-06-06 14:56:22,21.4612,-71.1419,80.04,79,0,21.32
96,Tabas,IR,2021-06-06 14:56:23,33.5959,56.9244,105.76,6,1,0.45
97,Manjeri,IN,2021-06-06 14:56:23,11.1167,76.1167,83.08,78,20,0.36
98,San Quintin,MX,2021-06-06 14:55:14,30.4833,-115.95,71.44,75,100,1.23
99,New Norfolk,AU,2021-06-06 14:53:20,-42.7826,147.0587,50.92,83,100,1.99
100,Leningradskiy,RU,2021-06-06 14:56:23,69.3833,178.4167,32.13,93,99,11.41
101,Pokhara,NP,2021-06-06 14:56:23,28.2333,83.9833,77.13,60,87,3.27
102,Cape Town,ZA,2021-06-06 14:52:16,-33.9258,18.4232,81.01,25,0,3.0
103,Soe,ID,2021-06-06 14:56:24,-9.8607,124.284,63.01,89,38,4.63
104,Richards Bay,ZA,2021-06-06 14:56:24,-28.783,32.0377,64.22,69,0,9.15
105,Port Lincoln,AU,2021-06-06 14:56:24,-34.7333,135.8667,59.05,62,68,14.76
106,Egvekinot,RU,2021-06-06 14:56:24,66.3167,-179.1667,31.06,85,25,2.53
107,Tuktoyaktuk,CA,2021-06-06 14:56:25,69.4541,-133.0374,32.0,74,90,6.91
108,San Patricio,US,2021-06-06 14:56:25,28.017,-97.5169,85.01,74,2,10.51
109,Saskylakh,RU,2021-06-06 14:56:25,71.9167,114.0833,37.98,64,96,7.4
110,Atuona,PF,2021-06-06 14:52:38,-9.8,-139.0333,79.09,66,69,11.07
111,Kalmunai,LK,2021-06-06 14:56:25,7.4167,81.8167,83.16,75,100,3.4
112,Natal,BR,2021-06-06 14:54:24,-5.795,-35.2094,83.05,69,75,11.95
113,Almeirim,BR,2021-06-06 14:56:26,-1.5233,-52.5817,86.52,61,15,4.34
114,Longonjo,AO,2021-06-06 14:56:26,-12.9067,15.2533,80.19,24,97,2.8
115,Srednekolymsk,RU,2021-06-06 14:56:26,67.45,153.6833,59.02,47,59,9.55
116,Victoria,HK,2021-06-06 14:52:12,22.2855,114.1577,84.38,85,12,8.99
117,Ust-Nera,RU,2021-06-06 14:56:26,64.5667,143.2,62.28,71,99,7.54
118,Faanui,PF,2021-06-06 14:56:27,-16.4833,-151.75,80.67,72,0,11.43
119,Mingguang,CN,2021-06-06 14:56:27,32.7802,117.9638,77.88,57,3,8.55
120,Bluff,NZ,2021-06-06 14:56:27,-46.6,168.3333,46.74,84,70,3.6
121,Sadovoye,RU,2021-06-06 14:56:27,47.7764,44.5089,73.24,47,23,10.87
122,Dikson,RU,2021-06-06 14:56:28,73.5069,80.5464,30.88,89,99,11.88
123,Kahului,US,2021-06-06 14:56:11,20.8947,-156.47,74.84,85,6,5.01
124,Buin,CL,2021-06-06 14:56:28,-33.7333,-70.75,63.05,54,100,3.49
125,Camacha,PT,2021-06-06 14:56:28,33.0833,-16.3333,68.76,64,40,17.27
126,Mount Isa,AU,2021-06-06 14:56:28,-20.7333,139.5,58.77,41,0,8.05
127,Esperance,AU,2021-06-06 14:56:29,-33.8667,121.9,57.04,72,43,24.99
128,Zhezkazgan,KZ,2021-06-06 14:56:29,47.8043,67.7144,73.72,19,40,9.98
129,Coquimbo,CL,2021-06-06 14:56:29,-29.9533,-71.3436,55.13,87,90,2.39
130,Yaypan,UZ,2021-06-06 14:56:29,40.3758,70.8156,91.0,23,76,9.66
131,Pinas,EC,2021-06-06 14:56:30,-3.6667,-79.65,63.52,73,100,3.24
132,Kushiro,JP,2021-06-06 14:56:30,42.975,144.3747,54.61,87,93,6.11
133,Vanimo,PG,2021-06-06 14:56:30,-2.6741,141.3028,77.92,88,100,2.19
134,Christchurch,NZ,2021-06-06 14:53:43,-43.5333,172.6333,48.99,96,90,5.75
135,Camana,PE,2021-06-06 14:56:31,-16.6228,-72.7111,68.65,69,40,9.01
136,General Roca,AR,2021-06-06 14:56:31,-39.0333,-67.5833,46.8,39,61,18.68
137,Koslan,RU,2021-06-06 14:56:31,63.4564,48.8989,62.44,51,92,8.93
138,Kruisfontein,ZA,2021-06-06 14:56:31,-34.0033,24.7314,71.89,21,0,7.47
139,Antofagasta,CL,2021-06-06 14:56:32,-23.65,-70.4,61.88,62,2,6.24
140,George Town,MY,2021-06-06 14:52:24,5.4112,100.3354,82.35,86,20,3.0
141,Samarai,PG,2021-06-06 14:56:32,-10.6167,150.6667,77.72,90,100,17.87
142,Asfi,MA,2021-06-06 14:56:32,32.2994,-9.2372,73.53,70,10,24.02
143,Mahebourg,MU,2021-06-06 14:56:32,-20.4081,57.7,75.49,78,40,6.91
144,Jinchang,CN,2021-06-06 14:56:33,38.4953,102.1739,67.93,42,94,12.88
145,Mattawa,US,2021-06-06 14:56:33,46.7379,-119.9028,52.32,51,86,11.01
146,Ponta Do Sol,PT,2021-06-06 14:56:33,32.6667,-17.1,74.71,65,0,2.66
147,Port Hardy,CA,2021-06-06 14:56:33,50.6996,-127.4199,48.38,93,90,12.66
148,Bengkulu,ID,2021-06-06 14:56:34,-3.8004,102.2655,75.29,90,16,4.38
149,Quimper,FR,2021-06-06 14:56:34,48.0,-4.1,66.78,72,90,6.91
150,Cravo Norte,CO,2021-06-06 14:56:34,6.3017,-70.2041,77.99,86,100,8.97
151,Sitka,US,2021-06-06 14:56:34,57.0531,-135.33,48.09,87,75,0.0
152,Salinopolis,BR,2021-06-06 14:56:35,-0.6136,-47.3561,84.34,69,14,6.4
153,Auray,FR,2021-06-06 14:56:35,47.6703,-2.9918,67.28,71,100,7.4
154,Aztec,US,2021-06-06 14:56:35,36.8222,-107.9929,79.92,33,89,6.11
155,Tavda,RU,2021-06-06 14:56:35,58.0425,65.2726,70.29,46,48,6.24
156,Rabo De Peixe,PT,2021-06-06 14:56:36,37.8,-25.5833,67.51,77,20,6.91
157,Olafsvik,IS,2021-06-06 14:56:36,64.8945,-23.7142,46.83,92,100,8.97
158,Katsuura,JP,2021-06-06 14:56:36,35.1333,140.3,71.11,90,100,5.23
159,Kosh-Agach,RU,2021-06-06 14:56:36,50.0,88.6667,45.91,52,36,5.59
160,Natchitoches,US,2021-06-06 14:56:37,31.7668,-93.1335,75.88,100,90,0.0
161,Sao Joao Da Barra,BR,2021-06-06 14:56:37,-21.6403,-41.0511,82.49,72,4,12.1
162,Areosa,PT,2021-06-06 14:56:37,41.7178,-8.8571,85.68,64,55,15.19
163,Gamboula,CF,2021-06-06 14:56:37,4.1178,15.1393,74.5,90,94,4.7
164,Torbay,CA,2021-06-06 14:56:38,47.6666,-52.7314,59.88,92,75,18.41
165,Port Macquarie,AU,2021-06-06 14:56:38,-31.4333,152.9167,48.38,70,0,6.22
166,Saravan,AM,2021-06-06 14:56:38,39.7196,45.6483,79.45,45,76,6.85
167,Tateyama,JP,2021-06-06 14:56:38,34.9833,139.8667,71.02,87,100,6.89
168,Catacamas,HN,2021-06-06 14:56:39,14.8,-85.9,86.41,83,75,3.4
169,Shimoda,JP,2021-06-06 14:56:39,34.6667,138.95,68.16,92,100,4.81
170,Kijang,KR,2021-06-06 14:56:39,35.2442,129.2139,69.53,80,100,4.5
171,Castro,BR,2021-06-06 14:56:29,-24.7911,-50.0119,73.76,45,97,7.0
172,Puerto Ayora,EC,2021-06-06 14:56:39,-0.7393,-90.3518,76.96,85,27,5.01
173,Burnie,AU,2021-06-06 14:56:40,-41.0667,145.9167,56.03,89,100,16.49
174,Baykit,RU,2021-06-06 14:56:40,61.67,96.37,35.98,67,20,3.4
175,Kropotkin,RU,2021-06-06 14:56:40,45.4375,40.5756,64.29,82,69,8.14
176,Rovaniemi,FI,2021-06-06 14:54:44,66.5,25.7167,67.41,26,0,10.36
177,Beyneu,KZ,2021-06-06 14:56:40,45.3167,55.2,69.84,44,98,14.79
178,Hilo,US,2021-06-06 14:55:59,19.7297,-155.09,69.8,87,75,6.91
179,Vaitape,PF,2021-06-06 14:56:41,-16.5167,-151.75,80.69,72,0,11.54
180,Airai,TL,2021-06-06 14:56:41,-8.9266,125.4092,56.71,89,98,2.95
181,Vila Franca Do Campo,PT,2021-06-06 14:56:41,37.7167,-25.4333,68.41,73,99,5.1
182,Sibolga,ID,2021-06-06 14:56:41,1.7427,98.7792,76.93,81,5,3.31
183,Ancud,CL,2021-06-06 14:56:42,-41.8697,-73.8203,49.23,80,100,8.37
184,Dhidhdhoo,MV,2021-06-06 14:56:42,6.8833,73.1,82.69,77,84,13.6
185,Coihaique,CL,2021-06-06 14:56:42,-45.5752,-72.0662,41.61,81,90,8.05
186,Kalasin,TH,2021-06-06 14:56:43,16.5,103.5,81.05,99,100,1.7
187,San Jose,US,2021-06-06 14:53:40,37.3394,-121.895,61.86,77,1,3.0
188,Bredasdorp,ZA,2021-06-06 14:53:37,-34.5322,20.0403,64.98,45,12,6.24
189,Karasjok,NO,2021-06-06 14:56:43,69.4719,25.5112,51.91,33,4,9.06
190,Olga,RU,2021-06-06 14:56:43,43.7444,135.2892,53.06,91,0,6.42
191,Pisco,PE,2021-06-06 14:56:43,-13.7,-76.2167,62.65,88,90,8.05
192,Hualmay,PE,2021-06-06 14:56:44,-11.0964,-77.6139,67.06,72,85,9.51
193,Pochutla,MX,2021-06-06 14:56:44,15.7432,-96.4661,86.83,57,95,2.13
194,Standerton,ZA,2021-06-06 14:56:44,-26.9337,29.2415,53.62,71,99,3.89
195,Conceicao Do Coite,BR,2021-06-06 14:56:44,-11.5639,-39.2828,81.57,53,59,10.18
196,Bonavista,CA,2021-06-06 14:56:45,48.6499,-53.1147,60.8,90,100,18.92
197,Nikolskoye,RU,2021-06-06 14:54:34,59.7035,30.7861,75.09,36,10,6.46
198,Nigel,ZA,2021-06-06 14:54:12,-26.4314,28.4771,57.38,55,54,7.0
199,Kaitangata,NZ,2021-06-06 14:56:45,-46.2817,169.8464,43.99,85,69,2.37
200,Steinbach,DE,2021-06-06 14:56:45,50.1667,8.5667,72.0,70,75,7.27
201,Hambantota,LK,2021-06-06 14:51:52,6.1241,81.1185,82.74,89,0,16.17
202,Pevek,RU,2021-06-06 14:56:46,69.7008,170.3133,45.86,78,35,11.16
203,Talnakh,RU,2021-06-06 14:56:46,69.4865,88.3972,32.13,98,100,4.36
204,Zenzeli,RU,2021-06-06 14:56:46,45.9241,47.0474,78.53,33,98,9.89
205,Belmonte,BR,2021-06-06 14:52:14,-15.8631,-38.8828,82.4,72,45,8.88
206,Marawi,PH,2021-06-06 14:56:47,7.9986,124.2928,65.64,96,100,3.22
207,Kyabe,TD,2021-06-06 14:56:47,9.4515,18.9449,93.4,35,32,5.3
208,Ishinomaki,JP,2021-06-06 14:56:47,38.4167,141.3,62.33,83,92,7.0
209,Saint George,US,2021-06-06 14:56:03,37.1041,-113.5841,87.35,22,2,1.99
210,Merauke,ID,2021-06-06 14:55:06,-8.4667,140.3333,76.59,89,100,16.26
211,Arraial Do Cabo,BR,2021-06-06 14:56:39,-22.9661,-42.0278,84.06,58,0,13.8
212,Kaseda,JP,2021-06-06 14:56:47,31.4167,130.3167,69.19,84,100,7.34
213,Kuito,AO,2021-06-06 14:56:48,-12.3833,16.9333,73.54,28,0,6.91
214,Lagoa,PT,2021-06-06 14:56:48,39.05,-27.9833,64.26,88,100,14.34
215,Quba,AZ,2021-06-06 14:56:48,41.3626,48.5152,61.75,77,98,2.93
216,Puerto Parra,CO,2021-06-06 14:56:48,6.6515,-74.0573,84.24,69,93,1.32
217,Ponyri,RU,2021-06-06 14:56:49,52.3186,36.3039,67.44,82,45,8.25
218,Banon,ES,2021-06-06 14:56:49,40.8382,-1.1909,72.18,60,0,11.52
219,Namibe,AO,2021-06-06 14:56:49,-15.1961,12.1522,84.83,61,0,14.97
220,Bud,US,2021-06-06 14:56:49,39.447,-86.1758,79.12,82,98,5.1
221,Casas Grandes,MX,2021-06-06 14:56:50,30.3667,-107.95,76.44,17,8,11.65
222,Guaymas,MX,2021-06-06 14:56:50,27.9333,-110.9,84.49,34,91,3.76
223,Save,BJ,2021-06-06 14:56:50,8.0425,2.486,93.06,42,54,4.72
224,Cherskiy,RU,2021-06-06 14:56:50,68.75,161.3,59.22,50,19,10.98
225,Maniwaki,CA,2021-06-06 14:56:51,46.3834,-75.966,75.74,68,54,4.65
226,Marsa Matruh,EG,2021-06-06 14:56:51,31.3525,27.2453,77.2,57,0,13.8
227,Westport,US,2021-06-06 14:56:51,41.1415,-73.3579,93.27,47,7,1.01
228,Lubango,AO,2021-06-06 14:54:17,-14.9172,13.4925,75.06,13,20,9.22
229,Tulnici,RO,2021-06-06 14:56:51,45.9167,26.6667,68.4,72,38,3.65
230,Hay River,CA,2021-06-06 14:56:52,60.8156,-115.7999,42.78,70,75,10.36
231,Lakes Entrance,AU,2021-06-06 14:56:52,-37.8811,147.981,52.18,76,99,8.46
232,Akyab,MM,2021-06-06 14:56:52,20.15,92.9,83.88,82,72,8.9
233,Luderitz,NA,2021-06-06 14:56:52,-26.6481,15.1594,71.73,38,0,2.75
234,Stony Mountain,CA,2021-06-06 14:56:53,50.0864,-97.2196,73.78,73,40,5.95
235,Ponta Delgada,PT,2021-06-06 14:55:40,37.7333,-25.6667,68.72,77,20,14.97
236,Norman Wells,CA,2021-06-06 14:55:56,65.282,-126.8329,42.84,93,90,10.36
237,Omboue,GA,2021-06-06 14:56:53,-1.5746,9.2618,81.28,78,100,8.77
238,Macenta,GN,2021-06-06 14:56:53,8.5435,-9.471,87.96,53,66,0.89
239,Whitehorse,CA,2021-06-06 14:56:53,60.7161,-135.0538,45.37,93,75,3.0
240,Sabla,NG,2021-06-06 14:56:54,12.7525,4.7077,101.05,27,99,4.7
241,Port-Gentil,GA,2021-06-06 14:56:54,-0.7193,8.7815,84.16,74,40,14.97
242,Valkeakoski,FI,2021-06-06 14:56:54,61.2642,24.0312,78.98,70,79,7.23
243,Hamilton,US,2021-06-06 14:56:54,39.1834,-84.5333,82.62,71,98,1.99
244,Mujiayingzi,CN,2021-06-06 14:56:55,42.1167,118.7833,67.39,38,99,7.96
245,Victor Harbor,AU,2021-06-06 14:56:55,-35.5667,138.6167,62.47,73,100,1.01
246,Oteleni,RO,2021-06-06 14:56:55,47.0833,27.0333,71.08,67,84,6.15
247,Vardo,NO,2021-06-06 14:56:55,70.3705,31.1107,48.4,65,75,13.8
248,Soyo,AO,2021-06-06 14:56:56,-6.1349,12.3689,84.25,72,53,11.81
249,Ihosy,MG,2021-06-06 14:56:56,-22.4,46.1167,59.07,71,67,12.3
250,Severo-Kurilsk,RU,2021-06-06 14:56:56,50.6789,156.125,40.82,96,93,12.95
251,San Andres,CO,2021-06-06 14:56:56,12.5847,-81.7006,82.04,80,75,18.88
252,Askino,RU,2021-06-06 14:56:57,56.0901,56.5783,66.76,60,7,5.17
253,Falmouth,GB,2021-06-06 14:56:57,50.1544,-5.0711,65.86,92,20,4.0
254,Caruray,PH,2021-06-06 14:56:57,10.3094,119.0128,81.41,81,100,5.77
255,Ariguani,CO,2021-06-06 14:56:58,10.25,-74.0,86.88,56,100,6.62
256,Oktyabrskoye,RU,2021-06-06 14:56:58,43.0645,44.7417,57.34,100,90,0.58
257,Santa Rosa,PH,2021-06-06 14:56:58,14.3122,121.1114,85.1,81,100,5.55
258,Narsaq,GL,2021-06-06 14:56:59,60.9167,-46.05,46.15,68,100,5.14
259,Port Augusta,AU,2021-06-06 14:56:59,-32.5,137.7667,59.14,58,27,12.24
260,Tahe,CN,2021-06-06 14:56:59,52.3333,124.7333,53.06,59,7,5.01
261,Ovsyanka,RU,2021-06-06 14:56:59,55.9575,92.5519,56.37,92,25,10.11
262,Vestmanna,FO,2021-06-06 14:57:00,62.1564,-7.1664,47.32,100,90,14.41
263,Nizhnyaya Tavda,RU,2021-06-06 14:57:00,57.6731,66.1725,69.93,49,10,8.32
264,Kununurra,AU,2021-06-06 14:57:00,-15.7667,128.7333,58.98,77,6,0.0
265,Bathsheba,BB,2021-06-06 14:57:00,13.2167,-59.5167,84.81,58,40,17.22
266,Redmond,US,2021-06-06 14:57:01,47.674,-122.1215,52.56,81,100,1.99
267,Horsham,GB,2021-06-06 14:55:30,51.064,-0.3272,71.69,43,20,8.66
268,Klaksvik,FO,2021-06-06 14:57:01,62.2266,-6.589,49.12,90,100,18.34
269,Abu Kamal,SY,2021-06-06 14:57:01,34.4506,40.9171,93.27,12,0,12.66
270,Tromso,NO,2021-06-06 14:52:47,69.6496,18.957,68.65,38,0,14.97
271,Bethel,US,2021-06-06 14:57:02,41.3712,-73.414,89.92,56,7,1.01
272,Marzuq,YE,2021-06-06 14:57:02,14.4,46.4667,92.66,20,6,8.77
273,Llangefni,GB,2021-06-06 14:57:02,53.2556,-4.3106,64.18,55,0,7.45
274,Hjelset,NO,2021-06-06 14:57:02,62.7833,7.4833,63.3,82,75,4.27
275,Syntul,RU,2021-06-06 14:57:03,55.0033,41.2971,62.8,87,100,7.11
276,Henties Bay,NA,2021-06-06 14:57:03,-22.116,14.2845,74.7,37,0,6.67
277,Zhigansk,RU,2021-06-06 14:57:03,66.7697,123.3711,48.31,41,19,7.23
278,Svetlogorsk,BY,2021-06-06 14:57:03,52.6333,29.7333,68.14,67,74,7.7
279,Gizo,SB,2021-06-06 14:57:03,-8.103,156.8419,81.79,80,26,12.24
280,Kargasok,RU,2021-06-06 14:57:04,59.0556,80.8572,57.07,93,100,10.2
281,Maine-Soroa,NE,2021-06-06 14:57:04,13.2114,12.0241,103.26,18,72,7.65
282,Laguna,US,2021-06-06 14:57:04,38.421,-121.4238,74.61,64,1,3.0
283,Cayenne,GF,2021-06-06 14:57:05,4.9333,-52.3333,87.84,81,75,3.0
284,Urengoy,RU,2021-06-06 14:57:05,65.9667,78.3667,41.14,59,100,12.37
285,Jibuti,DJ,2021-06-06 14:57:05,11.5,42.5,92.8,29,59,12.17
286,Umm Lajj,SA,2021-06-06 14:57:05,25.0213,37.2685,84.99,58,0,16.67
287,Touros,BR,2021-06-06 14:57:06,-5.1989,-35.4608,83.3,66,43,15.21
288,Nelson Bay,AU,2021-06-06 14:57:06,-32.7167,152.15,54.68,85,1,7.16
289,Karratha,AU,2021-06-06 14:54:38,-20.7377,116.8463,75.72,69,100,5.35
290,Havre-Saint-Pierre,CA,2021-06-06 14:57:06,50.2334,-63.5986,57.56,51,1,3.44
291,Tasiilaq,GL,2021-06-06 14:52:36,65.6145,-37.6368,39.6,92,96,2.53
292,Owando,CG,2021-06-06 14:57:06,-0.4819,15.8999,80.26,77,96,3.58
293,Hofn,IS,2021-06-06 14:57:07,64.2539,-15.2082,50.02,87,90,12.66
294,Souillac,MU,2021-06-06 14:57:07,-20.5167,57.5167,75.58,78,40,8.7
295,Zdvinsk,RU,2021-06-06 14:57:07,54.7021,78.661,60.44,68,6,6.04
296,Nyurba,RU,2021-06-06 14:57:07,63.2842,118.3319,47.12,84,99,5.19
297,Milford,US,2021-06-06 14:57:08,41.2223,-73.0565,91.4,59,7,1.99
298,Naberera,TZ,2021-06-06 14:57:08,-4.2,36.9333,65.95,60,98,8.55
299,Kushmurun,KZ,2021-06-06 14:57:08,52.4503,64.6311,68.86,32,89,6.15
300,Iqaluit,CA,2021-06-06 14:57:08,63.7506,-68.5145,31.73,100,75,5.99
301,Ilulissat,GL,2021-06-06 14:57:09,69.2167,-51.1,40.01,72,73,5.14
302,Upernavik,GL,2021-06-06 14:57:09,72.7868,-56.1549,36.63,82,13,3.78
303,Colwyn Bay,GB,2021-06-06 14:57:09,53.2948,-3.7267,71.67,74,59,5.01
304,Fortuna,US,2021-06-06 14:57:09,40.5982,-124.1573,53.92,73,75,8.99
305,Jalu,LY,2021-06-06 14:57:10,29.0331,21.5482,91.0,14,0,13.42
306,Krasnoselkup,RU,2021-06-06 14:57:10,65.7,82.4667,41.23,65,97,11.88
307,Xining,CN,2021-06-06 14:57:10,36.6167,101.7667,53.94,73,86,5.93
308,Longyearbyen,SJ,2021-06-06 14:57:10,78.2186,15.6401,39.04,70,0,11.5
309,Ambon,ID,2021-06-06 14:57:11,-3.6954,128.1814,78.94,89,75,11.88
310,Ruston,US,2021-06-06 14:57:11,32.5232,-92.6379,74.84,88,90,3.44
311,Darnah,LY,2021-06-06 14:55:07,32.767,22.6367,73.72,61,13,16.89
312,Alta Floresta,BR,2021-06-06 14:57:11,-9.8756,-56.0861,87.62,55,0,10.36
313,Agadez,NE,2021-06-06 14:57:11,19.75,10.25,103.33,9,100,10.92
314,Te Anau,NZ,2021-06-06 14:57:12,-45.4167,167.7167,36.84,92,22,1.25
315,Kodiak,US,2021-06-06 14:57:12,57.79,-152.4072,46.83,79,17,7.34
316,Jawhar,SO,2021-06-06 14:57:12,2.7809,45.5005,81.25,66,54,20.11
317,Kieta,PG,2021-06-06 14:57:12,-6.2167,155.6333,78.33,86,28,5.19
318,Saint-Pierre,RE,2021-06-06 14:57:13,-21.3393,55.4781,74.88,81,40,9.22
319,Buenavista,PH,2021-06-06 14:57:13,8.9769,125.4089,75.27,96,100,3.85
320,Awbari,LY,2021-06-06 14:57:13,26.5921,12.7805,99.9,8,48,13.02
321,Champasak,LA,2021-06-06 14:57:13,14.75,106.0,74.25,99,93,2.98
322,Bilma,NE,2021-06-06 14:57:14,18.6853,12.9164,104.95,10,89,1.68
323,Kyra,RU,2021-06-06 14:57:14,49.5776,111.9753,60.17,49,86,0.58
324,Lakatoro,VU,2021-06-06 14:57:14,-16.0999,167.4164,75.88,81,76,6.91
325,Collingwood,CA,2021-06-06 14:57:14,44.4834,-80.2164,85.32,54,100,9.22
326,Kindu,CD,2021-06-06 14:57:15,-2.95,25.95,79.16,76,100,3.71
327,Tabuk,PH,2021-06-06 14:57:15,17.4189,121.4443,77.99,87,100,2.89
328,Salisbury,GB,2021-06-06 14:57:15,51.0693,-1.7957,70.68,64,77,8.61
329,Pangkalanbuun,ID,2021-06-06 14:57:15,-2.6833,111.6167,75.16,97,86,1.1
330,Nome,US,2021-06-06 14:53:50,64.5011,-165.4064,35.67,93,90,6.91
331,Nouadhibou,MR,2021-06-06 14:57:16,20.931,-17.0347,67.44,78,42,26.73
332,Shingu,JP,2021-06-06 14:57:16,33.7333,135.9833,68.5,84,100,0.34
333,Baturinskaya,RU,2021-06-06 14:57:16,45.7927,39.3707,66.09,76,48,9.71
334,Vyazma,RU,2021-06-06 14:57:16,55.2104,34.2951,64.27,83,71,8.12
335,Manakara,MG,2021-06-06 14:57:17,-22.1333,48.0167,68.4,68,97,7.0
336,Alyangula,AU,2021-06-06 14:57:17,-13.8483,136.4192,73.27,100,75,9.31
337,San Cristobal,VE,2021-06-06 14:56:02,7.7669,-72.225,68.18,98,100,3.4
338,Gerash,IR,2021-06-06 14:57:17,27.6652,54.1371,109.54,14,0,9.55
339,Yerbogachen,RU,2021-06-06 14:57:17,61.2767,108.0108,43.14,50,25,10.63
340,Palu,ID,2021-06-06 14:57:18,-0.8917,119.8707,76.93,95,100,2.33
341,Kloulklubed,PW,2021-06-06 14:57:18,7.0419,134.2556,81.82,79,99,8.41
342,Esil,KZ,2021-06-06 14:57:18,51.9556,66.4042,68.56,30,66,5.59
343,Storsteinnes,NO,2021-06-06 14:57:18,69.2408,19.2344,68.65,28,14,1.79
344,La Orilla,MX,2021-06-06 14:57:19,17.9833,-102.2333,86.88,55,68,2.28
345,Praia Da Vitoria,PT,2021-06-06 14:57:19,38.7333,-27.0667,71.85,68,40,3.36
346,Santa Cruz,BO,2021-06-06 14:57:19,-17.8,-63.1667,71.06,94,90,3.44
347,Abu Samrah,SY,2021-06-06 14:57:19,35.3029,37.1841,82.96,20,0,16.87
348,Valencia,ES,2021-06-06 14:57:20,39.3333,-0.8333,77.88,37,30,7.11
349,Narasannapeta,IN,2021-06-06 14:57:20,18.4167,84.05,86.4,75,18,12.17
350,Banfora,BF,2021-06-06 14:57:20,10.6333,-4.7667,100.17,30,97,4.85
351,Stuttgart,DE,2021-06-06 14:53:26,48.7823,9.177,67.05,72,75,4.25
352,Ahuimanu,US,2021-06-06 14:57:20,21.4447,-157.8378,74.91,73,40,15.9
353,Monroe,US,2021-06-06 14:57:21,43.1501,-77.6831,84.96,54,93,4.0
354,Rundu,NA,2021-06-06 14:57:21,-17.9333,19.7667,73.35,24,1,8.12
355,Sucha Beskidzka,PL,2021-06-06 14:56:01,49.7419,19.5943,75.15,50,36,7.43
356,Muroto,JP,2021-06-06 14:57:21,33.2833,134.15,71.35,78,100,4.7
357,Pyapon,MM,2021-06-06 14:57:21,16.2833,95.6833,86.43,64,99,11.54
358,Buritizeiro,BR,2021-06-06 14:56:44,-17.3511,-44.9622,78.98,51,99,2.39
359,Vao,NC,2021-06-06 14:57:22,-22.6667,167.4833,71.26,60,79,17.74
360,Pingzhuang,CN,2021-06-06 14:57:22,42.0372,119.2889,67.28,43,97,6.6
361,Kungurtug,RU,2021-06-06 14:57:22,50.5994,97.5228,38.52,90,75,4.72
362,Yumen,CN,2021-06-06 14:57:22,40.2833,97.2,69.01,25,0,10.49
363,Rio Grande,BR,2021-06-06 14:57:23,-32.035,-52.0986,57.31,66,100,10.22
364,Dunedin,NZ,2021-06-06 14:57:23,-45.8742,170.5036,43.81,87,0,3.0
365,Penzance,GB,2021-06-06 14:57:23,50.1186,-5.5371,62.76,85,22,8.9
366,Petropavlovsk-Kamchatskiy,RU,2021-06-06 14:57:23,53.0452,158.6483,41.59,100,90,2.48
367,Mapiripan,CO,2021-06-06 14:57:23,2.8892,-72.1256,82.63,74,93,4.59
368,Chapais,CA,2021-06-06 14:57:24,49.7834,-74.8492,60.58,45,56,5.77
369,Ramsar,IR,2021-06-06 14:57:24,36.9226,50.6426,74.64,73,75,2.3
370,Yar-Sale,RU,2021-06-06 14:53:35,66.8333,70.8333,42.96,49,97,16.53
371,Harnosand,SE,2021-06-06 14:57:24,62.6323,17.9379,73.42,70,53,5.59
372,Plouzane,FR,2021-06-06 14:56:41,48.3833,-4.6167,66.29,80,90,8.5
373,Guymon,US,2021-06-06 14:57:25,36.6828,-101.4816,72.48,63,100,11.88
374,Ipatele,RO,2021-06-06 14:57:25,46.9167,27.4167,71.58,69,68,5.91
375,Sinnai,IT,2021-06-06 14:57:25,39.3042,9.2036,81.34,62,40,15.23
376,Billings,US,2021-06-06 14:54:15,45.7833,-108.5007,64.29,48,16,3.0
377,Waipawa,NZ,2021-06-06 14:57:25,-41.4122,175.5153,52.43,87,100,3.15
378,Aripuana,BR,2021-06-06 14:57:26,-9.1667,-60.6333,88.97,49,98,1.3
379,Juchitlan,MX,2021-06-06 14:57:26,20.0833,-104.1167,74.25,57,45,1.61
380,Tambura,SS,2021-06-06 14:57:26,5.6,27.4667,80.76,63,100,3.18
381,Nong Kung Si,TH,2021-06-06 14:57:26,16.65,103.3,80.82,99,100,2.57
382,Comodoro Rivadavia,AR,2021-06-06 14:57:26,-45.8667,-67.5,48.06,49,0,17.27
383,Uglovka,RU,2021-06-06 14:57:27,58.2392,33.5108,65.98,69,100,3.51
384,Orange Cove,US,2021-06-06 14:57:27,36.6244,-119.3137,81.84,25,13,3.33
385,Sinnamary,GF,2021-06-06 14:57:27,5.3833,-52.95,79.92,84,76,7.4
386,Byron Bay,AU,2021-06-06 14:57:27,-28.65,153.6167,51.87,83,10,6.49
387,Roxana,CR,2021-06-06 14:57:28,10.2753,-83.7513,91.04,65,33,3.33
388,Chicama,PE,2021-06-06 14:57:28,-7.8447,-79.1469,64.94,70,79,7.38
389,Pala,TD,2021-06-06 14:57:28,9.3642,14.9046,95.34,30,98,1.61
390,Champerico,GT,2021-06-06 14:57:28,14.3,-91.9167,89.76,75,98,1.77
391,Berezovyy,RU,2021-06-06 14:57:29,51.6667,135.7,47.55,99,80,2.19
392,Mandapam,IN,2021-06-06 14:57:29,9.2833,79.1167,84.49,79,100,20.76
393,Kemi,FI,2021-06-06 14:57:29,65.8596,24.8228,71.37,35,0,6.4
394,Ratnagiri,IN,2021-06-06 14:57:29,16.9833,73.3,83.23,74,100,2.93
395,Taree,AU,2021-06-06 14:57:30,-31.9,152.4667,48.34,81,40,5.75
396,Manyava,UA,2021-06-06 14:57:30,48.6554,24.3754,70.25,69,8,6.8
397,Codrington,AU,2021-06-06 14:57:30,-38.2667,141.9667,55.06,75,100,15.88
398,Mongo,TD,2021-06-06 14:57:30,12.1844,18.693,101.66,20,43,6.93
399,Vodstroy,RU,2021-06-06 14:57:31,48.8416,44.5579,71.89,53,40,7.87
400,Xai-Xai,MZ,2021-06-06 14:57:31,-25.0519,33.6442,67.06,68,89,8.14
401,Meulaboh,ID,2021-06-06 14:57:31,4.1363,96.1285,77.81,82,100,2.59
402,Tombouctou,ML,2021-06-06 14:57:31,20.0,-3.0,114.3,6,3,15.77
403,Sarhari,PK,2021-06-06 14:57:32,26.0977,68.4786,96.8,41,20,19.26
404,Port Blair,IN,2021-06-06 14:57:07,11.6667,92.75,84.54,76,93,11.79
405,Saint-Joseph,RE,2021-06-06 14:57:32,-21.3667,55.6167,73.78,83,69,11.03
406,Mamit,IN,2021-06-06 14:57:32,23.9333,92.4833,70.29,99,92,4.74
407,Saint Leonard,CA,2021-06-06 14:57:32,47.173,-67.9247,69.26,64,87,1.97
408,Calama,CL,2021-06-06 14:57:33,-22.4667,-68.9333,61.29,7,0,6.91
409,Moshupa,BW,2021-06-06 14:57:33,-24.7782,25.4155,64.81,35,1,12.21
410,Lompoc,US,2021-06-06 14:57:33,34.6391,-120.4579,59.09,85,90,3.0
411,Cruzeiro Do Sul,BR,2021-06-06 14:57:33,-29.5128,-51.9853,63.52,90,100,5.93
412,Mbinga,TZ,2021-06-06 14:57:34,-10.9333,35.0167,68.11,82,90,3.33
413,Montepuez,MZ,2021-06-06 14:57:34,-13.1256,38.9997,70.03,53,28,6.11
414,Yangjiang,CN,2021-06-06 14:57:34,21.85,111.9667,78.46,82,0,2.89
415,Marica,BR,2021-06-06 14:57:34,-22.9194,-42.8186,85.89,62,51,0.78
416,Colares,PT,2021-06-06 14:57:35,38.7992,-9.4469,80.28,51,20,17.94
417,Nuristan,AF,2021-06-06 14:57:35,35.3,70.8333,49.14,57,16,7.16
418,Nouakchott,MR,2021-06-06 14:57:35,18.0858,-15.9785,98.53,39,7,14.97
419,Faya,SA,2021-06-06 14:57:35,18.3851,42.4509,82.51,50,33,11.5
420,Puerto Escondido,MX,2021-06-06 14:57:36,15.85,-97.0667,85.19,70,88,3.62
421,Aksarka,RU,2021-06-06 14:57:36,66.5606,67.7975,44.49,42,90,13.44
422,Riyadh,SA,2021-06-06 14:55:43,24.6877,46.7219,114.94,5,0,8.05
423,Portland,US,2021-06-06 14:57:36,45.5234,-122.6762,51.89,84,100,1.01
424,Dingle,PH,2021-06-06 14:57:36,10.9995,122.6711,77.54,84,100,1.63
425,Capitao Poco,BR,2021-06-06 14:57:37,-1.7464,-47.0594,87.49,60,24,2.66
426,Ozernovskiy,RU,2021-06-06 14:57:37,51.5,156.5167,44.17,91,100,7.81
427,Loviisa,FI,2021-06-06 14:57:37,60.4566,26.2251,76.23,87,32,9.71
428,Hami,CN,2021-06-06 14:57:37,42.8,93.45,72.9,12,37,16.62
429,Amurzet,RU,2021-06-06 14:57:38,47.6967,131.0981,54.18,82,0,5.57
430,Along,IN,2021-06-06 14:57:38,28.1667,94.7667,72.32,99,96,0.18
431,Acapulco,MX,2021-06-06 14:55:29,16.8634,-99.8901,85.98,65,80,3.18
432,Valparaiso,CL,2021-06-06 14:57:38,-33.0393,-71.6273,55.63,75,0,1.14
433,Xingcheng,CN,2021-06-06 14:57:38,40.6167,120.7167,67.19,58,79,5.17
434,Piney Green,US,2021-06-06 14:57:38,34.716,-77.3202,84.02,78,20,6.78
435,Sao Gabriel Da Cachoeira,BR,2021-06-06 14:57:39,-0.1303,-67.0892,80.4,89,90,4.9
436,Beringovskiy,RU,2021-06-06 14:57:39,63.05,179.3167,35.73,97,100,1.68
437,Huejuquilla El Alto,MX,2021-06-06 14:57:39,22.6,-103.8667,70.05,42,8,1.28
438,San Luis De La Paz,MX,2021-06-06 14:57:40,21.3,-100.5167,66.69,47,73,4.83
439,Anadyr,RU,2021-06-06 14:57:40,64.75,177.4833,43.3,70,20,10.18
440,Flinders,AU,2021-06-06 14:57:40,-34.5833,150.8552,54.05,80,5,1.01
441,Poya,NC,2021-06-06 14:57:40,-21.35,165.15,67.24,66,58,6.55
442,Buraydah,SA,2021-06-06 14:57:40,26.326,43.975,111.65,6,1,9.22
443,Kamaishi,JP,2021-06-06 14:57:41,39.2667,141.8833,62.64,81,98,8.01
444,Wanaka,NZ,2021-06-06 14:57:41,-44.7,169.15,45.36,87,78,3.49
445,Ishigaki,JP,2021-06-06 14:57:41,24.3448,124.1572,80.83,82,100,15.08
446,Bontang,ID,2021-06-06 14:57:41,0.1333,117.5,79.41,85,100,5.17
447,Isangel,VU,2021-06-06 14:57:42,-19.55,169.2667,72.01,68,100,12.66
448,Lodja,CD,2021-06-06 14:57:42,-3.4833,23.4333,81.9,59,100,3.94
449,Jasper,US,2021-06-06 14:57:42,37.2001,-94.3502,76.53,76,75,3.0
450,Siavonga,ZM,2021-06-06 14:57:42,-16.5382,28.7088,73.87,34,95,1.99
451,Brindisi,IT,2021-06-06 14:57:43,40.5833,17.6667,76.78,45,89,7.38
452,Quatre Cocos,MU,2021-06-06 14:57:43,-20.2078,57.7625,75.31,78,27,10.22
453,Katakwi,UG,2021-06-06 14:57:43,1.8911,33.9661,74.39,70,89,6.82
454,El Porvenir,HN,2021-06-06 14:57:43,13.7617,-87.3458,83.3,48,78,2.33
455,Lata,PT,2021-06-06 14:57:44,40.1629,-8.3327,84.04,46,0,10.65
456,Kisangani,CD,2021-06-06 14:57:44,0.5167,25.2,71.96,94,75,1.54
457,North Bend,US,2021-06-06 14:57:44,43.4065,-124.2243,50.86,87,97,2.62
458,Lerwick,GB,2021-06-06 14:57:44,60.1545,-1.1494,55.4,73,40,9.6
459,Itarema,BR,2021-06-06 14:57:45,-2.9248,-39.9167,87.87,56,13,10.11
460,Wana,PK,2021-06-06 14:57:45,32.2989,69.5725,86.45,32,0,7.47
461,Russellville,US,2021-06-06 14:57:45,35.2784,-93.1338,73.13,89,90,3.44
462,Sotnikovo,RU,2021-06-06 14:57:45,51.8845,107.4791,48.29,66,90,8.95
463,Nefteyugansk,RU,2021-06-06 14:57:46,61.0998,72.6035,57.45,59,65,7.61
464,Coahuayana,MX,2021-06-06 14:57:46,18.7333,-103.6833,89.31,50,97,1.99
465,Andros,GR,2021-06-06 14:57:46,37.8333,24.9333,78.21,49,15,5.01
466,Lavrentiya,RU,2021-06-06 14:57:46,65.5833,-171.0,31.21,86,94,9.04
467,Pipar,IN,2021-06-06 14:57:47,26.3856,73.5378,88.95,44,73,4.27
468,Galle,LK,2021-06-06 14:57:47,6.0367,80.217,81.09,85,100,10.07
469,Novo Cruzeiro,BR,2021-06-06 14:57:47,-17.4681,-41.8753,75.78,51,65,5.68
470,Gorom-Gorom,BF,2021-06-06 14:57:47,14.4439,-0.2361,107.15,17,0,8.63
471,Alofi,NU,2021-06-06 14:57:48,-19.0595,-169.9187,62.49,100,93,2.3
472,Bay Saint Louis,US,2021-06-06 14:56:48,30.3088,-89.33,82.49,88,90,11.56
473,Junction City,US,2021-06-06 14:57:48,39.0286,-96.8314,75.0,78,20,9.22
474,Ngunguru,NZ,2021-06-06 14:57:48,-35.6167,174.5,59.16,93,100,29.26
475,Arman,RU,2021-06-06 14:57:48,59.7,150.1667,42.93,90,86,4.9
476,Hanchuan,CN,2021-06-06 14:57:49,30.65,113.7667,84.31,62,100,7.02
477,Chumphon,TH,2021-06-06 14:57:49,10.3333,98.8333,75.45,89,100,4.36
478,Upata,VE,2021-06-06 14:57:18,8.0086,-62.3989,82.18,64,97,7.78
479,Waddan,LY,2021-06-06 14:57:49,29.1614,16.139,94.08,13,0,10.02
480,Lumberton,US,2021-06-06 14:57:36,34.6182,-79.0086,85.91,62,100,5.64
481,Hasaki,JP,2021-06-06 14:54:55,35.7333,140.8333,66.49,90,100,7.67
482,Fairbanks,US,2021-06-06 14:55:01,64.8378,-147.7164,54.91,71,75,5.75
483,Lalmohan,BD,2021-06-06 14:57:49,22.3384,90.7419,81.32,80,100,13.2
484,Surazh,RU,2021-06-06 14:57:50,53.0175,32.3918,63.75,84,100,8.19
485,Vanino,RU,2021-06-06 14:57:50,49.0869,140.2543,46.94,90,36,3.06
486,Winneba,GH,2021-06-06 14:57:50,5.3511,-0.6231,86.47,67,89,11.97
487,Sabang,ID,2021-06-06 14:57:50,5.8933,95.3214,83.61,74,100,23.22
488,Eldorado,BR,2021-06-06 14:57:51,-23.7869,-54.2836,79.2,36,77,5.88
489,Sawakin,SD,2021-06-06 14:57:51,19.1059,37.3321,90.28,47,28,9.24
490,Buala,SB,2021-06-06 14:57:51,-8.145,159.5921,79.93,83,2,7.09
491,Labuhan,ID,2021-06-06 14:57:51,-6.8844,112.2051,81.19,78,59,5.7
492,Martapura,ID,2021-06-06 14:57:52,-3.4167,114.85,80.69,89,75,2.44
493,Siilinjarvi,FI,2021-06-06 14:57:52,63.0833,27.6667,73.42,46,0,6.04
494,Nichinan,JP,2021-06-06 14:57:52,31.6,131.3667,66.94,90,100,3.33
495,Ossora,RU,2021-06-06 14:57:52,59.2353,163.0719,39.06,95,100,5.14
496,Orbe,CH,2021-06-06 14:57:53,46.725,6.5307,72.84,84,62,7.4
497,Udaipura,IN,2021-06-06 14:57:53,23.0833,78.5,91.69,41,57,4.52
498,Honiara,SB,2021-06-06 14:57:53,-9.4333,159.95,77.36,89,13,5.12
499,Kiunga,PG,2021-06-06 14:57:53,-6.1219,141.2906,72.9,100,97,1.43
500,Teknaf,BD,2021-06-06 14:57:54,20.8624,92.3058,81.66,87,80,5.79
501,Axim,GH,2021-06-06 14:55:47,4.8699,-2.2405,84.36,68,65,8.25
502,Ekhabi,RU,2021-06-06 14:57:54,53.5102,142.9671,34.86,98,100,14.29
503,Paracuru,BR,2021-06-06 14:57:54,-3.41,-39.0306,89.62,58,29,11.05
504,Zaragoza,ES,2021-06-06 14:57:54,41.6561,-0.8773,82.11,44,0,8.99
505,Trinidad,BO,2021-06-06 14:57:55,-14.8333,-64.9,78.78,89,8,3.44
506,Ayotzintepec,MX,2021-06-06 14:57:55,17.6667,-96.1333,86.0,60,97,2.39
507,Vanavara,RU,2021-06-06 14:57:55,60.34,102.2797,38.61,61,1,5.59
508,Eyl,SO,2021-06-06 14:57:55,7.9803,49.8164,86.04,62,0,20.27
509,Aklavik,CA,2021-06-06 14:54:01,68.2191,-135.0107,33.8,80,40,5.75
510,Adelaide,AU,2021-06-06 14:53:42,-34.9333,138.6,61.57,66,40,3.0
511,Bath,GB,2021-06-06 14:57:14,51.3779,-2.3591,70.81,75,76,5.57
512,Miyako,JP,2021-06-06 14:57:56,39.6367,141.9525,62.44,77,100,6.49
513,Bull Savanna,JM,2021-06-06 14:57:56,17.8868,-77.5902,84.11,59,10,15.23
514,Monrovia,LR,2021-06-06 14:53:10,6.3005,-10.7969,80.37,79,75,7.38
515,Chimore,BO,2021-06-06 14:57:56,-16.9833,-65.1333,70.52,98,100,1.66
516,Atar,MR,2021-06-06 14:54:12,20.5169,-13.0499,107.98,11,2,19.48
517,Ulagan,RU,2021-06-06 14:57:57,50.6321,87.9563,42.28,91,35,2.21
518,Bonnyville,CA,2021-06-06 14:57:57,54.2668,-110.735,55.2,64,100,13.04
519,Ban Nahin,LA,2021-06-06 14:57:57,18.2418,104.2122,76.53,95,97,1.34
520,Bubaque,GW,2021-06-06 14:57:57,11.2833,-15.8333,79.95,82,7,10.13
521,Kuala Terengganu,MY,2021-06-06 14:57:58,5.3302,103.1408,78.75,89,20,5.75
522,Erie,US,2021-06-06 14:53:50,42.7667,-78.6664,83.08,56,58,5.99
523,Bloemhof,ZA,2021-06-06 14:57:58,-27.6469,25.607,59.14,23,0,7.52
524,Veraval,IN,2021-06-06 14:57:58,20.9,70.3667,85.6,71,5,13.33
525,Lubumbashi,CD,2021-06-06 14:55:14,-11.6609,27.4794,71.78,44,100,5.57
526,Sechelt,CA,2021-06-06 14:57:58,49.4664,-123.7694,54.3,84,96,8.86
527,Luba,GQ,2021-06-06 14:57:59,3.4568,8.5547,80.49,87,100,5.3
528,Leeton,AU,2021-06-06 14:57:59,-34.5667,146.4,42.71,93,100,5.5
529,Papara,BR,2021-06-06 14:57:59,-3.9839,-38.7273,88.2,53,32,8.63
530,Asau,RO,2021-06-06 14:57:59,46.4333,26.4,69.96,46,13,2.53
531,Kot Samaba,PK,2021-06-06 14:58:00,28.5522,70.4684,104.63,19,31,4.34
532,Palmer,US,2021-06-06 14:58:00,42.1584,-72.3287,89.31,48,26,3.0
533,Broome,US,2021-06-06 14:58:00,42.2506,-75.833,84.65,56,14,3.0
534,Pitelino,RU,2021-06-06 14:58:00,54.5777,41.8145,63.05,87,100,8.84
535,Necochea,AR,2021-06-06 14:58:01,-38.5473,-58.7368,54.03,55,20,8.34
536,Zhangjiakou,CN,2021-06-06 14:58:01,40.81,114.8794,70.84,37,100,6.51
537,Parana,AR,2021-06-06 14:55:40,-31.732,-60.5238,60.46,45,6,10.65
538,Sao Jose Da Coroa Grande,BR,2021-06-06 14:58:01,-8.8978,-35.1478,81.14,71,22,9.51
539,Kang,BW,2021-06-06 14:58:01,-23.6752,22.7876,62.87,31,0,12.19
540,Guerrero Negro,MX,2021-06-06 14:58:02,27.9769,-114.0611,63.99,76,100,5.26
541,Ravar,IR,2021-06-06 14:58:02,31.2656,56.8055,99.54,6,1,8.37
542,Marakkanam,IN,2021-06-06 14:58:02,12.2,79.95,86.0,74,100,16.6
543,Naze,JP,2021-06-06 14:58:02,28.3667,129.4833,68.27,92,100,6.62
544,Piracanjuba,BR,2021-06-06 14:58:03,-17.3028,-49.0167,82.11,38,93,6.64
545,Husavik,IS,2021-06-06 14:58:03,66.0449,-17.3389,62.51,55,55,11.9
546,Bara,NG,2021-06-06 14:58:03,10.3744,10.7288,96.31,34,55,7.09
547,Narrabri,AU,2021-06-06 14:58:03,-30.3167,149.7833,43.52,87,0,1.14
548,Mutsu,JP,2021-06-06 14:58:03,41.2894,141.2169,62.01,92,100,6.69
549,Goderich,CA,2021-06-06 14:54:20,43.7501,-81.7165,83.03,56,77,12.66
550,Mazatan,MX,2021-06-06 14:58:04,14.8667,-92.45,83.86,73,60,2.15
551,Kamariotissa,GR,2021-06-06 14:58:04,40.4833,25.4667,77.05,56,0,5.03
552,Ugoofaaru,MV,2021-06-06 14:58:04,5.6667,73.0,82.62,76,91,12.64
553,The Pas,CA,2021-06-06 14:58:05,53.8251,-101.2541,59.02,88,75,5.97
554,Ketchikan,US,2021-06-06 14:58:05,55.3422,-131.6461,48.67,93,90,0.0
555,Padang,ID,2021-06-06 14:58:05,-0.9492,100.3543,77.72,82,89,3.78
556,El Alto,PE,2021-06-06 14:58:05,-4.2714,-81.2147,69.46,69,100,10.33
557,Bourail,NC,2021-06-06 14:58:06,-21.5667,165.4833,67.33,64,77,6.8
558,Mezen,RU,2021-06-06 14:58:06,65.8522,44.24,44.22,49,5,12.06
559,Yerofey Pavlovich,RU,2021-06-06 14:58:06,53.9667,121.9667,57.02,60,65,0.56
560,Coxim,BR,2021-06-06 14:58:06,-18.5067,-54.76,91.11,29,14,6.04
561,Charters Towers,AU,2021-06-06 14:58:07,-20.1,146.2667,60.01,79,99,8.41
562,Caceres,ES,2021-06-06 14:58:07,39.522,-6.3748,88.81,19,0,5.21
